20111003_103000,67.42,67.42
20111003_110000,68.155,68.155
20111003_113000,68.1533333333,68.1533333333
20111003_120000,68.2225,68.2225
20111003_123000,68.174,68.174
20111003_130000,68.25,68.25
20111003_133000,68.27,68.27
20111003_140000,68.31625,68.31625
20111003_143000,68.3644444444,68.3644444444
20111003_150000,68.4822222222,68.376
20111003_153000,68.4422222222,68.39
20111003_160000,68.4411111111,68.3691666667
20111003_163000,68.3788888889,68.3307692308
20111003_170000,68.3511111111,68.2878571429
20111003_173000,68.2533333333,68.252
20111003_180000,68.3233333333,68.3
20111003_183000,68.2744444444,68.2941176471
20111004_103000,68.2211111111,68.2927777778
20111004_110000,68.1222222222,68.2557894737
20111004_113000,67.8755555556,68.1585
20111004_120000,67.6444444444,68.0585714286
20111004_123000,67.4477777778,67.9695454545
20111004_130000,67.2655555556,67.887826087
20111004_133000,67.0577777778,67.8041666667
20111004_140000,66.6766666667,67.7156
20111004_143000,66.2922222222,67.6011538462
20111004_150000,65.9122222222,67.4992592593
20111004_153000,65.5144444444,67.3746428571
20111004_160000,65.1855555556,67.235862069
20111004_163000,64.92,67.117
20111004_170000,64.61,66.9941935484
20111004_173000,64.0955555556,66.82125
20111004_180000,63.72,66.6903030303
20111004_183000,63.3933333333,66.5714705882
20111005_103000,63.3855555556,66.5171428571
20111005_110000,63.2222222222,66.43
20111005_113000,63.0711111111,66.3278378378
20111005_120000,63.0288888889,66.2394736842
20111005_123000,62.9633333333,66.1584615385
20111005_130000,62.8688888889,66.066
20111005_133000,62.9122222222,65.9631707317
20111005_140000,62.97,65.8930952381
20111005_143000,62.9944444444,65.8227906977
20111005_150000,62.7866666667,65.7540909091
20111005_153000,62.6444444444,65.6728888889
20111005_160000,62.5888888889,65.5963043478
20111005_163000,62.48,65.5195744681
20111005_170000,62.4044444444,65.4545833333
20111005_173000,62.3822222222,65.3893877551
20111005_180000,62.4511111111,65.331
20111005_183000,62.4255555556,65.2811764706
20111006_103000,62.6155555556,65.2676923077
20111006_110000,62.9344444444,65.2752830189
20111006_113000,63.3066666667,65.2785185185
20111006_120000,63.6822222222,65.2830909091
20111006_123000,64.0744444444,65.2873214286
20111006_130000,64.4333333333,65.2933333333
20111006_133000,64.7988888889,65.2977586207
20111006_140000,65.1355555556,65.3011864407
20111006_143000,65.4533333333,65.307
20111006_150000,65.5888888889,65.3150819672
20111006_153000,65.5588888889,65.3164516129
20111006_160000,65.5433333333,65.3163492063
20111006_163000,65.5455555556,65.32
20111006_170000,65.4977777778,65.3164615385
20111006_173000,65.4166666667,65.3101515152
20111006_180000,65.4544444444,65.3188059701
20111006_183000,65.4877777778,65.3258823529
20111007_103000,65.67,65.3543478261
20111007_110000,65.85,65.3838571429
20111007_113000,66.1166666667,65.4178873239
20111007_120000,66.3977777778,65.4515277778
20111007_123000,66.5988888889,65.4776712329
20111007_130000,66.8133333333,65.4985135135
20111007_133000,67.0244444444,65.5158666667
20111007_140000,67.1422222222,65.5347368421
20111007_143000,67.2666666667,65.5527272727
20111007_150000,67.2455555556,65.5725641026
20111007_153000,67.2144444444,65.5924050633
20111007_160000,67.1911111111,65.617375
20111007_163000,67.23,65.6491358025
20111007_170000,67.3522222222,65.6834146341
20111007_173000,67.4577777778,65.7109638554
20111007_180000,67.5988888889,65.739047619
20111007_183000,67.74,65.7682352941
20111010_103000,67.9288888889,65.8013953488
20111010_110000,67.9555555556,65.8190804598
20111010_113000,68.0133333333,65.84
20111010_120000,67.9977777778,65.8580898876
20111010_123000,67.9566666667,65.8798888889
20111010_130000,67.8966666667,65.9023076923
20111010_133000,67.8955555556,65.924673913
20111010_140000,67.9466666667,65.952688172
20111010_143000,67.9411111111,65.9762765957
20111010_150000,67.9,66.0002105263
20111010_153000,67.9777777778,66.0214583333
20111010_160000,68.0422222222,66.0443298969
20111010_163000,68.16,66.0555670103
20111010_170000,68.2366666667,66.0516494845
20111010_173000,68.4077777778,66.0651546392
20111010_180000,68.6344444444,66.0813402062
20111010_183000,68.8644444444,66.1083505155
20111011_103000,69.07,66.1226804124
20111011_110000,69.3355555556,66.1458762887
20111011_113000,69.6311111111,66.1671134021
20111011_120000,69.8477777778,66.1819587629
20111011_123000,69.9588888889,66.1925773196
20111011_130000,70.1022222222,66.2056701031
20111011_133000,70.1622222222,66.2248453608
20111011_140000,70.14,66.244742268
20111011_143000,70.0822222222,66.2689690722
20111011_150000,70.1033333333,66.2943298969
20111011_153000,70.0088888889,66.3022680412
20111011_160000,69.9055555556,66.3184536082
20111011_163000,69.8377777778,66.3319587629
20111011_170000,69.8433333333,66.3522680412
20111011_173000,69.8777777778,66.391443299
20111011_180000,69.8911111111,66.4332989691
20111011_183000,69.9244444444,66.4745360825
20111012_103000,69.9366666667,66.5168041237
20111012_110000,69.8955555556,66.557628866
20111012_113000,69.95,66.6059793814
20111012_120000,70.1344444444,66.6749484536
20111012_123000,70.3822222222,66.7467010309
20111012_130000,70.6433333333,66.8281443299
20111012_133000,70.85,66.9170103093
20111012_140000,71.0366666667,67.0008247423
20111012_143000,71.2533333333,67.0909278351
20111012_150000,71.4644444444,67.2005154639
20111012_153000,71.7822222222,67.3056701031
20111012_160000,72.1211111111,67.4157731959
20111012_163000,72.4288888889,67.5140206186
20111012_170000,72.6944444444,67.6255670103
20111012_173000,72.9188888889,67.7418556701
20111012_180000,73.1544444444,67.8564948454
20111012_183000,73.4111111111,67.9702061856
20111013_103000,73.6111111111,68.087628866
20111013_110000,73.9555555556,68.2251546392
20111013_113000,74.2333333333,68.3507216495
20111013_120000,74.3966666667,68.4737113402
20111013_123000,74.4188888889,68.5932989691
20111013_130000,74.4844444444,68.7241237113
20111013_133000,74.5555555556,68.8521649485
20111013_140000,74.5977777778,68.9808247423
20111013_143000,74.7855555556,69.1189690722
20111013_150000,74.9788888889,69.2563917526
20111013_153000,75.0477777778,69.3939175258
20111013_160000,75.0477777778,69.5218556701
20111013_163000,75.1077777778,69.6327835052
20111013_170000,75.2333333333,69.7344329897
20111013_173000,75.25,69.8322680412
20111013_180000,75.2866666667,69.9288659794
20111013_183000,75.3455555556,70.0265979381
20111014_103000,75.3466666667,70.1315463918
20111014_110000,75.2511111111,70.226185567
20111014_113000,75.2144444444,70.3290721649
20111014_120000,75.3622222222,70.4412371134
20111014_123000,75.4922222222,70.5516494845
20111014_130000,75.6888888889,70.6743298969
20111014_133000,76.14,70.8154639175
20111014_140000,76.62,70.9563917526
20111014_143000,77.0277777778,71.0963917526
20111014_150000,77.3633333333,71.24
20111014_153000,77.8433333333,71.3756701031
20111014_160000,78.2466666667,71.5128865979
20111014_163000,78.5755555556,71.6386597938
20111014_170000,79.0122222222,71.7728865979
20111014_173000,79.3566666667,71.9027835052
20111014_180000,79.5133333333,72.032371134
20111014_183000,79.68,72.1701030928
20111017_103000,80.0555555556,72.3250515464
20111017_110000,80.4688888889,72.4874226804
20111017_113000,80.8422222222,72.6468041237
20111017_120000,81.3511111111,72.8196907216
20111017_123000,81.8733333333,72.9958762887
20111017_130000,82.1966666667,73.1629896907
20111017_133000,82.5166666667,73.324742268
20111017_140000,82.7355555556,73.4710309278
20111017_143000,82.78,73.6015463918
20111017_150000,82.7633333333,73.7451546392
20111017_153000,82.6544444444,73.8843298969
20111017_160000,82.6011111111,74.0256701031
20111017_163000,82.3188888889,74.1548453608
20111017_170000,81.8344444444,74.2836082474
20111017_173000,81.3877777778,74.4039175258
20111017_180000,80.8933333333,74.5212371134
20111017_183000,80.5288888889,74.6375257732
20111018_103000,80.2044444444,74.7435051546
20111018_110000,79.6844444444,74.8389690722
20111018_113000,79.1322222222,74.9221649485
20111018_120000,78.5888888889,75.0136082474
20111018_123000,78.0988888889,75.1011340206
20111018_130000,77.7455555556,75.1898969072
20111018_133000,77.47,75.2786597938
20111018_140000,77.2411111111,75.363814433
20111018_143000,77.03,75.4534020619
20111018_150000,76.9777777778,75.5386597938
20111018_153000,76.9566666667,75.6111340206
20111018_160000,77.0722222222,75.6837113402
20111018_163000,77.1622222222,75.7644329897
20111018_170000,77.3477777778,75.8445360825
20111018_173000,77.4366666667,75.9141237113
20111018_180000,77.52,75.9905154639
20111018_183000,77.6777777778,76.08
20111019_103000,78.0177777778,76.1878350515
20111019_110000,78.3144444444,76.2950515464
20111019_113000,78.6811111111,76.4036082474
20111019_120000,78.9266666667,76.5043298969
20111019_123000,79.1922222222,76.6077319588
20111019_130000,79.4477777778,76.7203092784
20111019_133000,79.8855555556,76.8401030928
20111019_140000,80.28,76.9593814433
20111019_143000,80.6311111111,77.0809278351
20111019_150000,80.7288888889,77.1946391753
20111019_153000,80.7544444444,77.3029896907
20111019_160000,80.77,77.4098969072
20111019_163000,80.8955555556,77.5211340206
20111019_170000,80.8922222222,77.6280412371
20111019_173000,80.7466666667,77.7220618557
20111019_180000,80.6477777778,77.8155670103
20111019_183000,80.6022222222,77.907628866
20111020_103000,80.3511111111,77.9816494845
20111020_110000,80.1,78.0528865979
20111020_113000,79.8966666667,78.1250515464
20111020_120000,79.7477777778,78.1980412371
20111020_123000,79.5055555556,78.2672164948
20111020_130000,79.3933333333,78.3342268041
20111020_133000,79.3844444444,78.3959793814
20111020_140000,79.25,78.4484536082
20111020_143000,79.08,78.5001030928
20111020_150000,79.0755555556,78.5528865979
20111020_153000,79.2944444444,78.6225773196
20111020_160000,79.6,78.6992783505
20111020_163000,79.87,78.7787628866
20111020_170000,80.0622222222,78.833814433
20111020_173000,80.2011111111,78.8879381443
20111020_180000,80.3611111111,78.9493814433
20111020_183000,80.5333333333,79.0157731959
20111021_103000,80.7877777778,79.0849484536
20111021_110000,81.08,79.1582474227
20111021_113000,81.15,79.2305154639
20111021_120000,81.0355555556,79.2791752577
20111021_123000,80.9088888889,79.3289690722
20111021_130000,80.9333333333,79.3798969072
20111021_133000,80.9422222222,79.4348453608
20111021_140000,80.9133333333,79.4880412371
20111021_143000,80.8533333333,79.5372164948
20111021_150000,80.8033333333,79.6002061856
20111021_153000,80.7166666667,79.6620618557
20111021_160000,80.6633333333,79.7239175258
20111021_163000,80.7055555556,79.7763917526
20111021_170000,80.7877777778,79.8426804124
20111021_173000,80.8822222222,79.9057731959
20111021_180000,81.0444444444,79.9620618557
20111021_183000,81.2,80.017628866
20111024_103000,81.6122222222,80.0868041237
20111024_110000,81.9266666667,80.1371134021
20111024_113000,82.2188888889,80.1815463918
20111024_120000,82.4866666667,80.2304123711
20111024_123000,82.72,80.2734020619
20111024_130000,82.9544444444,80.3169072165
20111024_133000,83.1355555556,80.3593814433
20111024_140000,83.2966666667,80.4001030928
20111024_143000,83.3733333333,80.4222680412
20111024_150000,83.2522222222,80.4482474227
20111024_153000,83.1777777778,80.4771134021
20111024_160000,83.1422222222,80.5027835052
20111024_163000,83.1577777778,80.5182474227
20111024_170000,83.2077777778,80.5275257732
20111024_173000,83.26,80.5412371134
20111024_180000,83.3922222222,80.5487628866
20111024_183000,83.4866666667,80.5497938144
20111025_103000,83.5677777778,80.5494845361
20111025_110000,83.6277777778,80.5513402062
20111025_113000,83.6655555556,80.5634020619
20111025_120000,83.6966666667,80.5878350515
20111025_123000,83.6688888889,80.6022680412
20111025_130000,83.6711111111,80.6218556701
20111025_133000,83.6477777778,80.6383505155
20111025_140000,83.5533333333,80.6632989691
20111025_143000,83.4655555556,80.7011340206
20111025_150000,83.4733333333,80.7429896907
20111025_153000,83.4655555556,80.79
20111025_160000,83.4066666667,80.8304123711
20111025_163000,83.2622222222,80.8715463918
20111025_170000,83.1266666667,80.9216494845
20111025_173000,82.9266666667,80.9739175258
20111025_180000,82.7844444444,81.027628866
20111025_183000,82.62,81.0827835052
20111026_103000,82.5177777778,81.1439175258
20111026_110000,82.3933333333,81.1997938144
20111026_113000,82.2944444444,81.2588659794
20111026_120000,82.23,81.3128865979
20111026_123000,82.2811111111,81.3636082474
20111026_130000,82.4266666667,81.4291752577
20111026_133000,82.68,81.4942268041
20111026_140000,82.8077777778,81.551443299
20111026_143000,82.9777777778,81.6051546392
20111026_150000,83.0966666667,81.6690721649
20111026_153000,83.2177777778,81.7284536082
20111026_160000,83.3755555556,81.7875257732
20111026_163000,83.5411111111,81.8253608247
20111026_170000,83.7855555556,81.8712371134
20111026_173000,83.8722222222,81.9108247423
20111026_180000,83.8511111111,81.9511340206
20111026_183000,83.8677777778,81.985257732
20111027_103000,84.2033333333,82.0463917526
20111027_110000,84.4888888889,82.096185567
20111027_113000,84.79,82.1469072165
20111027_120000,85.0722222222,82.1995876289
20111027_123000,85.3133333333,82.2507216495
20111027_130000,85.4055555556,82.3027835052
20111027_133000,85.5811111111,82.3572164948
20111027_140000,85.7488888889,82.401443299
20111027_143000,85.9655555556,82.4559793814
20111027_150000,85.8366666667,82.5186597938
20111027_153000,85.7966666667,82.5739175258
20111027_160000,85.8177777778,82.6308247423
20111027_163000,85.7833333333,82.7036082474
20111027_170000,85.8577777778,82.7849484536
20111027_173000,85.9155555556,82.8612371134
20111027_180000,85.8933333333,82.9274226804
20111027_183000,85.9144444444,82.9960824742
20111028_103000,85.9055555556,83.0602061856
20111028_110000,85.8655555556,83.12
20111028_113000,85.8933333333,83.1903092784
20111028_120000,85.8933333333,83.2629896907
20111028_123000,85.8522222222,83.332371134
20111028_130000,85.6888888889,83.3782474227
20111028_133000,85.6055555556,83.4184536082
20111028_140000,85.5122222222,83.4509278351
20111028_143000,85.4277777778,83.4939175258
20111028_150000,85.2977777778,83.5330927835
20111028_153000,85.2033333333,83.5692783505
20111028_160000,85.0422222222,83.6086597938
20111028_163000,84.8544444444,83.6403092784
20111028_170000,84.6933333333,83.667628866
20111028_173000,84.6311111111,83.7012371134
20111028_180000,84.5811111111,83.7474226804
20111028_183000,84.6577777778,83.7987628866
20111031_103000,84.6677777778,83.8404123711
20111031_110000,84.7044444444,83.8821649485
20111031_113000,84.78,83.9280412371
20111031_120000,84.7988888889,83.974742268
20111031_123000,84.8233333333,84.0132989691
20111031_130000,84.8666666667,84.0526804124
20111031_133000,84.8166666667,84.0865979381
20111031_140000,84.6688888889,84.1151546392
20111031_143000,84.4355555556,84.1372164948
20111031_150000,84.1922222222,84.1475257732
20111031_153000,83.9988888889,84.1562886598
20111031_160000,83.7366666667,84.1634020619
20111031_163000,83.4588888889,84.1460824742
20111031_170000,83.2022222222,84.1316494845
20111031_173000,82.9177777778,84.1175257732
20111031_180000,82.6822222222,84.104742268
20111031_183000,82.4833333333,84.0931958763
20111101_103000,82.1588888889,84.0634020619
20111101_110000,81.8533333333,84.028556701
20111101_113000,81.4944444444,83.9890721649
20111101_120000,81.0422222222,83.9471134021
20111101_123000,80.6322222222,83.9029896907
20111101_130000,80.1933333333,83.854742268
20111101_133000,79.8088888889,83.8082474227
20111101_140000,79.3788888889,83.7541237113
20111101_143000,78.9988888889,83.7026804124
20111101_150000,78.7822222222,83.6479381443
20111101_153000,78.5766666667,83.5817525773
20111101_160000,78.3777777778,83.5150515464
20111101_173000,78.2422222222,83.4529896907
20111101_180000,78.0788888889,83.3881443299
20111101_183000,77.9311111111,83.3226804124
20111102_103000,77.9777777778,83.277628866
20111102_110000,78.0288888889,83.2308247423
20111102_113000,78.0988888889,83.1856701031
20111102_120000,78.1444444444,83.1373195876
20111102_123000,78.1444444444,83.0798969072
20111102_130000,78.1088888889,83.0180412371
20111102_133000,78.0377777778,82.9486597938
20111102_140000,78.0877777778,82.8891752577
20111102_143000,78.1844444444,82.8381443299
20111102_150000,78.0433333333,82.7934020619
20111102_153000,77.9633333333,82.7517525773
20111102_160000,77.8888888889,82.7182474227
20111102_163000,77.8622222222,82.6806185567
20111102_170000,77.9122222222,82.6430927835
20111102_173000,77.9988888889,82.5987628866
20111102_180000,78.2422222222,82.5635051546
20111102_183000,78.3866666667,82.5265979381
20111103_103000,78.2833333333,82.4719587629
20111103_110000,78.1055555556,82.4059793814
20111103_113000,77.8844444444,82.3303092784
20111103_120000,77.7233333333,82.2583505155
20111103_123000,77.6377777778,82.2009278351
20111103_130000,77.5788888889,82.1421649485
20111103_133000,77.5811111111,82.0870103093
20111103_140000,77.5911111111,82.041443299
20111103_143000,77.5822222222,81.9890721649
20111103_150000,77.7744444444,81.9369072165
20111103_153000,78.0911111111,81.877628866
20111103_160000,78.5788888889,81.8391752577
20111103_163000,78.97,81.8054639175
20111103_170000,79.2711111111,81.7744329897
20111103_173000,79.5288888889,81.7084536082
20111103_180000,79.7577777778,81.6480412371
20111103_183000,79.9755555556,81.594742268
20111107_103000,80.3077777778,81.5470103093
20111107_110000,80.4788888889,81.4883505155
20111107_113000,80.6255555556,81.4341237113
20111107_120000,80.6077777778,81.3777319588
20111107_123000,80.5922222222,81.3270103093
20111107_130000,80.6511111111,81.2813402062
20111107_133000,80.7144444444,81.2331958763
20111107_140000,80.73,81.1779381443
20111107_143000,80.7755555556,81.1269072165
20111107_150000,80.6988888889,81.075257732
20111107_153000,80.7488888889,81.0143298969
20111107_160000,80.8111111111,80.9605154639
20111107_163000,80.9344444444,80.917628866
20111107_170000,81.01,80.8719587629
20111107_173000,81.0577777778,80.8315463918
20111107_180000,81.1644444444,80.7970103093
20111107_183000,81.39,80.7601030928
20111108_103000,81.52,80.7211340206
20111108_110000,81.7733333333,80.6968041237
20111108_113000,82.0288888889,80.674742268
20111108_120000,82.3955555556,80.6626804124
20111108_123000,82.74,80.6604123711
20111108_130000,83.1733333333,80.6627835052
20111108_133000,83.5011111111,80.6648453608
20111108_140000,83.81,80.6677319588
20111108_143000,84.0344444444,80.6665979381
20111108_150000,84.1777777778,80.6583505155
20111108_153000,84.2688888889,80.6574226804
20111108_160000,84.3844444444,80.6518556701
20111108_163000,84.4111111111,80.6469072165
20111108_170000,84.38,80.6346391753
20111108_173000,84.3033333333,80.6289690722
20111108_180000,84.2855555556,80.6259793814
20111108_183000,84.2488888889,80.6184536082
20111109_103000,84.3977777778,80.6293814433
20111109_110000,84.5933333333,80.6370103093
20111109_113000,84.6822222222,80.6403092784
20111109_120000,84.6922222222,80.6403092784
20111109_123000,84.6622222222,80.6462886598
20111109_130000,84.4277777778,80.6339175258
20111109_133000,84.1377777778,80.6239175258
20111109_140000,83.7844444444,80.6060824742
20111109_143000,83.4288888889,80.5898969072
20111109_150000,82.7788888889,80.5662886598
20111109_153000,82.2122222222,80.5451546392
20111109_160000,81.6922222222,80.5265979381
20111109_163000,81.2777777778,80.51
20111109_170000,80.7777777778,80.4880412371
20111109_173000,80.5166666667,80.4815463918
20111109_180000,80.2877777778,80.4786597938
20111109_183000,80.02,80.4692783505
20111110_103000,79.5766666667,80.4539175258
20111110_110000,79.2766666667,80.4405154639
20111110_113000,78.9155555556,80.4265979381
20111110_120000,78.7455555556,80.4279381443
20111110_123000,78.4833333333,80.4269072165
20111110_130000,78.2744444444,80.4208247423
20111110_133000,78.1755555556,80.425257732
20111110_140000,78.0633333333,80.4310309278
20111110_143000,78.0322222222,80.4372164948
20111110_150000,78.1733333333,80.4475257732
20111110_153000,78.4344444444,80.4735051546
20111110_160000,78.7155555556,80.4993814433
20111110_163000,78.8433333333,80.5082474227
20111110_170000,79.1122222222,80.5274226804
20111110_173000,79.4777777778,80.5487628866
20111110_180000,79.7344444444,80.5727835052
20111110_183000,79.9388888889,80.5975257732
20111111_103000,80.07,80.6191752577
20111111_110000,80.1933333333,80.6475257732
20111111_113000,80.2022222222,80.6696907216
20111111_120000,80.2888888889,80.6946391753
20111111_123000,80.3822222222,80.725257732
20111111_130000,80.3766666667,80.7513402062
20111111_133000,80.2033333333,80.7635051546
20111111_140000,80.0544444444,80.776185567
20111111_143000,79.9755555556,80.7889690722
20111111_150000,80.0733333333,80.8116494845
20111111_153000,80.1266666667,80.822371134
20111111_160000,80.1566666667,80.8339175258
20111111_163000,80.1522222222,80.8680412371
20111111_170000,80.15,80.9149484536
20111111_173000,80.1511111111,80.9616494845
20111111_180000,80.29,81.0016494845
20111111_183000,80.3977777778,81.0322680412
20111114_103000,80.6666666667,81.0754639175
20111114_110000,80.87,81.1168041237
20111114_113000,81.1155555556,81.1493814433
20111114_120000,81.31,81.1797938144
20111114_123000,81.4644444444,81.2104123711
20111114_130000,81.4977777778,81.2310309278
20111114_133000,81.5288888889,81.2353608247
20111114_140000,81.5677777778,81.2426804124
20111114_143000,81.5977777778,81.2481443299
20111114_150000,81.4277777778,81.2516494845
20111114_153000,81.2155555556,81.2520618557
20111114_160000,80.9855555556,81.2430927835
20111114_163000,80.8144444444,81.2268041237
20111114_170000,80.6433333333,81.2256701031
20111114_173000,80.6033333333,81.2289690722
20111114_180000,80.5633333333,81.2312371134
20111114_183000,80.4433333333,81.2288659794
20111115_103000,80.2788888889,81.2136082474
20111115_110000,80.2211111111,81.2058762887
20111115_113000,80.1966666667,81.2025773196
20111115_120000,80.2655555556,81.1957731959
20111115_123000,80.2355555556,81.183814433
20111115_130000,80.1633333333,81.1713402062
20111115_133000,80.0955555556,81.1625773196
20111115_140000,80.0555555556,81.1496907216
20111115_143000,80.0122222222,81.1362886598
20111115_150000,79.9877777778,81.1143298969
20111115_153000,79.8755555556,81.0862886598
20111115_160000,79.7911111111,81.0542268041
20111115_163000,79.6522222222,81.0224742268
20111115_170000,79.6055555556,80.9826804124
20111115_173000,79.6444444444,80.9501030928
20111115_180000,79.6522222222,80.9080412371
20111115_183000,79.7033333333,80.8679381443
20111116_103000,79.6666666667,80.8109278351
20111116_110000,79.7022222222,80.7618556701
20111116_113000,79.7577777778,80.7103092784
20111116_120000,79.83,80.6641237113
20111116_123000,79.93,80.6283505155
20111116_130000,79.9988888889,80.5864948454
20111116_133000,80.0722222222,80.55
20111116_140000,80.1455555556,80.5122680412
20111116_143000,80.0733333333,80.4683505155
20111116_150000,80.1611111111,80.4265979381
20111116_153000,80.1955555556,80.382371134
20111116_160000,80.2955555556,80.3435051546
20111116_163000,80.3322222222,80.2869072165
20111116_170000,80.3388888889,80.2336082474
20111116_173000,80.2988888889,80.1797938144
20111116_180000,80.2166666667,80.134742268
20111116_183000,80.0933333333,80.0883505155
20111117_103000,80.11,80.0677319588
20111117_110000,80.1088888889,80.0527835052
20111117_113000,80.0911111111,80.0396907216
20111117_120000,79.9888888889,80.0243298969
20111117_123000,79.8955555556,80.0193814433
20111117_130000,79.8155555556,80.0112371134
20111117_133000,79.7388888889,79.998556701
20111117_140000,79.5866666667,79.9778350515
20111117_143000,79.4822222222,79.9681443299
20111117_150000,79.3611111111,79.9605154639
20111117_153000,79.1911111111,79.9510309278
20111117_160000,79.0466666667,79.9493814433
20111117_163000,79.0822222222,79.9784536082
20111117_170000,79.0755555556,80.0007216495
20111117_173000,79.1711111111,80.0349484536
20111117_180000,79.3855555556,80.0579381443
20111117_183000,79.5966666667,80.0811340206
20111118_103000,79.6066666667,80.0917525773
20111118_110000,79.6388888889,80.0962886598
20111118_113000,79.7211111111,80.1048453608
20111118_120000,79.7722222222,80.1108247423
20111118_123000,79.6855555556,80.1187628866
20111118_130000,79.7244444444,80.1204123711
20111118_133000,79.6566666667,80.1222680412
20111118_140000,79.5055555556,80.1193814433
20111118_143000,79.41,80.1087628866
20111118_150000,79.4822222222,80.0921649485
20111118_153000,79.5633333333,80.0804123711
20111118_160000,79.6611111111,80.0790721649
20111118_163000,79.8055555556,80.0862886598
20111118_170000,79.96,80.0971134021
20111118_173000,80.0122222222,80.1027835052
20111118_180000,80.0555555556,80.1006185567
20111118_183000,80.0922222222,80.0924742268
20111121_103000,80.0433333333,80.0778350515
20111121_110000,79.9666666667,80.0702061856
20111121_113000,79.7544444444,80.0525773196
20111121_120000,79.5022222222,80.0351546392
20111121_123000,79.1544444444,80.0010309278
20111121_130000,78.8155555556,79.9754639175
20111121_133000,78.5022222222,79.9492783505
20111121_140000,78.1911111111,79.9186597938
20111121_143000,77.9,79.8837113402
20111121_150000,77.6977777778,79.8502061856
20111121_153000,77.4944444444,79.8108247423
20111121_160000,77.3866666667,79.7731958763
20111121_163000,77.3022222222,79.7229896907
20111121_170000,77.3044444444,79.6702061856
20111121_173000,77.2855555556,79.6201030928
20111121_180000,77.2155555556,79.5693814433
20111121_183000,77.0344444444,79.507628866
20111122_103000,77.0011111111,79.4664948454
20111122_110000,76.9644444444,79.4267010309
20111122_113000,77.0,79.3870103093
20111122_120000,77.0177777778,79.3482474227
20111122_123000,77.0011111111,79.3122680412
20111122_130000,76.9677777778,79.2760824742
20111122_133000,76.8488888889,79.2362886598
20111122_140000,76.8911111111,79.2053608247
20111122_143000,77.0411111111,79.1734020619
20111122_150000,77.05,79.1368041237
20111122_153000,77.0566666667,79.1013402062
20111122_160000,77.0188888889,79.0692783505
20111122_163000,76.9888888889,79.0429896907
20111122_170000,76.94,79.0078350515
20111122_173000,76.8133333333,78.9621649485
20111122_180000,76.75,78.9101030928
20111122_183000,76.6311111111,78.8709278351
20111123_103000,76.3622222222,78.8207216495
20111123_110000,76.1333333333,78.7691752577
20111123_113000,75.8822222222,78.7141237113
20111123_120000,75.7988888889,78.6783505155
20111123_123000,75.7211111111,78.6471134021
20111123_130000,75.7088888889,78.6212371134
20111123_133000,75.8288888889,78.5945360825
20111123_140000,75.8888888889,78.5609278351
20111123_143000,75.8977777778,78.5269072165
20111123_150000,76.1111111111,78.4928865979
20111123_153000,76.3166666667,78.4596907216
20111123_160000,76.5255555556,78.4192783505
20111123_163000,76.5755555556,78.3915463918
20111123_170000,76.6377777778,78.3627835052
20111123_173000,76.65,78.3328865979
20111123_180000,76.65,78.2994845361
20111123_183000,76.7188888889,78.2629896907
20111124_103000,76.7633333333,78.2267010309
20111124_110000,76.7966666667,78.1889690722
20111124_113000,76.7777777778,78.1472164948
20111124_120000,76.74,78.11
20111124_123000,76.6833333333,78.0688659794
20111124_130000,76.6244444444,78.031443299
20111124_133000,76.5733333333,77.9875257732
20111124_140000,76.4711111111,77.9412371134
20111124_143000,76.3533333333,77.8931958763
20111124_150000,76.2977777778,77.8554639175
20111124_153000,76.2188888889,77.8180412371
20111124_160000,76.1477777778,77.7811340206
20111124_163000,76.1222222222,77.74
20111124_170000,76.1255555556,77.6992783505
20111124_173000,76.0922222222,77.6604123711
20111124_180000,76.0522222222,77.6222680412
20111124_183000,76.03,77.5825773196
20111125_103000,75.9955555556,77.5387628866
20111125_110000,75.8955555556,77.4988659794
20111125_113000,75.7866666667,77.4654639175
20111125_120000,75.6588888889,77.4263917526
20111125_123000,75.4711111111,77.3790721649
20111125_130000,75.2788888889,77.3362886598
20111125_133000,75.1766666667,77.3013402062
20111125_140000,75.1144444444,77.2541237113
20111125_143000,75.0222222222,77.2064948454
20111125_150000,74.9922222222,77.1510309278
20111125_153000,75.0822222222,77.0995876289
20111125_160000,75.1933333333,77.0569072165
20111125_163000,75.3255555556,77.0291752577
20111125_170000,75.5088888889,76.9958762887
20111125_173000,75.7555555556,76.9683505155
20111125_180000,75.99,76.9504123711
20111125_183000,76.36,76.9455670103
20111128_103000,76.9566666667,76.9496907216
20111128_110000,77.4655555556,76.9477319588
20111128_113000,77.8822222222,76.9489690722
20111128_120000,78.3577777778,76.9592783505
20111128_123000,78.9855555556,76.9830927835
20111128_130000,79.6444444444,77.0034020619
20111128_133000,80.2266666667,77.0208247423
20111128_140000,80.7322222222,77.0363917526
20111128_143000,81.1544444444,77.0563917526
20111128_150000,81.3433333333,77.0731958763
20111128_153000,81.6033333333,77.0913402062
20111128_160000,81.8333333333,77.1105154639
20111128_163000,81.9988888889,77.1407216495
20111128_170000,82.0377777778,77.175257732
20111128_173000,82.0944444444,77.2205154639
20111128_180000,82.1933333333,77.2705154639
20111128_183000,82.3166666667,77.3297938144
20111129_103000,82.3588888889,77.3851546392
20111129_110000,82.4033333333,77.4351546392
20111129_113000,82.4033333333,77.4821649485
20111129_120000,82.4688888889,77.5344329897
20111129_123000,82.4622222222,77.5827835052
20111129_130000,82.4811111111,77.6379381443
20111129_133000,82.4588888889,77.6911340206
20111129_140000,82.4533333333,77.7484536082
20111129_143000,82.4444444444,77.8067010309
20111129_150000,82.4355555556,77.8629896907
20111129_153000,82.4833333333,77.9239175258
20111129_160000,82.5588888889,77.994742268
20111129_163000,82.5533333333,78.0495876289
20111129_170000,82.6144444444,78.1070103093
20111129_173000,82.6322222222,78.1605154639
20111129_180000,82.6822222222,78.2167010309
20111129_183000,82.6577777778,78.2732989691
20111130_103000,82.5922222222,78.328556701
20111130_110000,82.4433333333,78.3820618557
20111130_113000,82.2833333333,78.4242268041
20111130_120000,82.1888888889,78.472371134
20111130_123000,82.1455555556,78.522371134
20111130_130000,82.1044444444,78.5753608247
20111130_133000,82.1111111111,78.6329896907
20111130_140000,82.1466666667,78.695257732
20111130_143000,82.19,78.7604123711
20111130_150000,82.4033333333,78.8472164948
20111130_153000,82.7755555556,78.9411340206
20111130_160000,83.1677777778,79.0307216495
20111130_163000,83.5644444444,79.1406185567
20111130_170000,84.1133333333,79.2627835052
20111130_173000,84.6388888889,79.3878350515
20111130_180000,85.16,79.5015463918
20111130_183000,85.6566666667,79.6171134021
20111201_103000,86.3233333333,79.745257732
20111201_110000,86.8966666667,79.8741237113
20111201_113000,87.4144444444,80.0105154639
20111201_120000,87.7988888889,80.1349484536
20111201_123000,88.1744444444,80.2598969072
20111201_130000,88.3577777778,80.38
20111201_133000,88.5888888889,80.5071134021
20111201_140000,88.81,80.6367010309
20111201_143000,89.0188888889,80.7658762887
20111201_150000,88.9933333333,80.8905154639
20111201_153000,88.94,81.0144329897
20111201_160000,88.8844444444,81.1392783505
20111201_163000,88.8855555556,81.2596907216
20111201_170000,88.7811111111,81.3718556701
20111201_173000,88.6677777778,81.4831958763
20111201_180000,88.5,81.5982474227
20111201_183000,88.3244444444,81.7168041237
20111202_103000,88.0866666667,81.8293814433
20111202_110000,88.1233333333,81.9621649485
20111202_113000,88.2177777778,82.1043298969
20111202_120000,88.2688888889,82.2448453608
20111202_123000,88.3866666667,82.3813402062
20111202_130000,88.54,82.5150515464
20111202_133000,88.7877777778,82.6559793814
20111202_140000,89.1755555556,82.8093814433
20111202_143000,89.5177777778,82.9593814433
20111202_150000,89.7922222222,83.1005154639
20111202_153000,89.89,83.2460824742
20111202_160000,89.9533333333,83.396185567
20111202_163000,90.0133333333,83.5454639175
20111202_170000,90.0522222222,83.6948453608
20111202_173000,90.1288888889,83.8457731959
20111202_180000,90.1355555556,83.9991752577
20111202_183000,89.97,84.1546391753
20111205_103000,89.8644444444,84.3126804124
20111205_110000,89.9255555556,84.4689690722
20111205_113000,89.9388888889,84.6215463918
20111205_120000,89.87,84.773814433
20111205_123000,89.8844444444,84.9272164948
20111205_130000,89.9066666667,85.0703092784
20111205_133000,89.9322222222,85.2132989691
20111205_140000,89.9333333333,85.3545360825
20111205_143000,89.9733333333,85.4967010309
20111205_150000,89.9722222222,85.6317525773
20111205_153000,89.9111111111,85.7606185567
20111205_160000,89.8955555556,85.8774226804
20111205_163000,89.9144444444,85.9760824742
20111205_170000,89.9055555556,86.081443299
20111205_173000,89.9244444444,86.187628866
20111205_180000,89.9211111111,86.286185567
20111205_183000,89.9222222222,86.3692783505
20111206_103000,89.8077777778,86.4396907216
20111206_110000,89.6655555556,86.5075257732
20111206_113000,89.52,86.5759793814
20111206_120000,89.4222222222,86.6445360825
20111206_123000,89.3311111111,86.7172164948
20111206_130000,89.1922222222,86.7855670103
20111206_133000,89.0344444444,86.8557731959
20111206_140000,88.9,86.9264948454
20111206_143000,88.8088888889,86.9975257732
20111206_150000,88.62,87.0451546392
20111206_153000,88.4922222222,87.0919587629
20111206_160000,88.3733333333,87.1379381443
20111206_163000,88.1566666667,87.1824742268
20111206_170000,87.8666666667,87.2241237113
20111206_173000,87.6533333333,87.2726804124
20111206_180000,87.4111111111,87.3143298969
20111206_183000,87.0733333333,87.3543298969
20111207_103000,86.8733333333,87.4050515464
20111207_110000,86.8611111111,87.4536082474
20111207_113000,86.7166666667,87.4875257732
20111207_120000,86.6377777778,87.5270103093
20111207_123000,86.56,87.5651546392
20111207_130000,86.5522222222,87.6016494845
20111207_133000,86.4188888889,87.6308247423
20111207_140000,86.37,87.6684536082
20111207_143000,86.3455555556,87.7005154639
20111207_150000,86.1911111111,87.735257732
20111207_153000,86.0477777778,87.7658762887
20111207_160000,86.0044444444,87.7980412371
20111207_163000,85.8111111111,87.8256701031
20111207_170000,85.5822222222,87.8563917526
20111207_173000,85.4522222222,87.8956701031
20111207_180000,85.4233333333,87.9309278351
20111207_183000,85.3311111111,87.9640206186
20111208_103000,85.3711111111,88.0036082474
20111208_110000,85.4233333333,88.0425773196
20111208_113000,85.4766666667,88.0748453608
20111208_120000,85.5511111111,88.1098969072
20111208_123000,85.7066666667,88.1321649485
20111208_130000,85.8911111111,88.1454639175
20111208_133000,86.0211111111,88.1604123711
20111208_140000,86.1411111111,88.17
20111208_143000,86.2211111111,88.1595876289
20111208_150000,86.1722222222,88.1458762887
20111208_153000,86.1011111111,88.1298969072
20111208_160000,86.0544444444,88.1117525773
20111208_163000,86.0577777778,88.085257732
20111208_170000,86.1055555556,88.0587628866
20111208_173000,86.1833333333,88.0312371134
20111208_180000,86.1766666667,88.0098969072
20111208_183000,86.1355555556,87.9808247423
20111209_103000,85.9122222222,87.9326804124
20111209_110000,85.6233333333,87.8707216495
20111209_113000,85.2111111111,87.7959793814
20111209_120000,84.8822222222,87.7279381443
20111209_123000,84.5422222222,87.6722680412
20111209_130000,84.1133333333,87.6109278351
20111209_133000,83.6777777778,87.5481443299
20111209_140000,83.3566666667,87.4969072165
20111209_143000,83.0744444444,87.4513402062
20111209_150000,83.0122222222,87.4079381443
20111209_153000,83.0288888889,87.3630927835
20111209_160000,83.0833333333,87.3096907216
20111209_163000,83.0255555556,87.2583505155
20111209_170000,82.9444444444,87.1917525773
20111209_173000,82.8933333333,87.1169072165
20111209_180000,82.9188888889,87.0517525773
20111209_183000,82.7955555556,86.9781443299
20111212_103000,82.8966666667,86.9277319588
20111212_110000,82.9466666667,86.8659793814
20111212_113000,82.9988888889,86.79
20111212_120000,83.1522222222,86.7190721649
20111212_123000,83.3144444444,86.6573195876
20111212_130000,83.4033333333,86.5898969072
20111212_133000,83.4977777778,86.5179381443
20111212_140000,83.4344444444,86.4413402062
20111212_143000,83.4588888889,86.3663917526
20111212_150000,83.2722222222,86.2915463918
20111212_153000,83.1244444444,86.2154639175
20111212_160000,83.0455555556,86.1475257732
20111212_163000,82.9344444444,86.0760824742
20111212_170000,82.6433333333,85.9816494845
20111212_173000,82.3411111111,85.8849484536
20111212_180000,81.9577777778,85.783814433
20111212_183000,81.6822222222,85.6803092784
20111213_103000,81.4966666667,85.5860824742
20111213_110000,81.1544444444,85.4771134021
20111213_113000,80.9355555556,85.3806185567
20111213_120000,80.7566666667,85.292371134
20111213_123000,80.45,85.1925773196
20111213_130000,80.3377777778,85.0934020619
20111213_133000,80.3055555556,84.9951546392
20111213_140000,80.4133333333,84.9022680412
20111213_143000,80.4766666667,84.8054639175
20111213_150000,80.4544444444,84.7074226804
20111213_153000,80.6344444444,84.6154639175
20111213_160000,80.6855555556,84.5236082474
20111213_163000,80.7411111111,84.4511340206
20111213_170000,81.0033333333,84.3888659794
20111213_173000,81.2522222222,84.3262886598
20111213_180000,81.4144444444,84.2521649485
20111213_183000,81.6266666667,84.1874226804
20111214_103000,81.7866666667,84.1183505155
20111214_110000,82.01,84.0556701031
20111214_113000,82.1322222222,83.9875257732
20111214_120000,82.3566666667,83.9249484536
20111214_123000,82.5144444444,83.8846391753
20111214_130000,82.5822222222,83.8405154639
20111214_133000,82.6488888889,83.7951546392
20111214_140000,82.72,83.7477319588
20111214_143000,82.7055555556,83.708556701
20111214_150000,82.8233333333,83.6702061856
20111214_153000,82.8511111111,83.6325773196
20111214_160000,82.9266666667,83.6027835052
20111214_163000,82.9188888889,83.5580412371
20111214_170000,82.9222222222,83.5191752577
20111214_173000,82.8511111111,83.4818556701
20111214_180000,82.6411111111,83.4243298969
20111214_183000,82.5077777778,83.3717525773
20111215_103000,82.2044444444,83.3051546392
20111215_110000,81.8677777778,83.2479381443
20111215_113000,81.6377777778,83.1935051546
20111215_120000,81.4122222222,83.1450515464
20111215_123000,81.1811111111,83.0931958763
20111215_130000,80.8788888889,83.0395876289
20111215_133000,80.6111111111,82.981443299
20111215_140000,80.5222222222,82.9336082474
20111215_143000,80.4777777778,82.8981443299
20111215_150000,80.5822222222,82.8532989691
20111215_153000,80.5911111111,82.7995876289
20111215_160000,80.6033333333,82.7548453608
20111215_163000,80.6488888889,82.7069072165
20111215_170000,80.7066666667,82.6555670103
20111215_173000,80.8922222222,82.6142268041
20111215_180000,81.1411111111,82.5722680412
20111215_183000,81.3611111111,82.5304123711
20111216_103000,81.6066666667,82.5006185567
20111216_110000,81.8522222222,82.4664948454
20111216_113000,82.1766666667,82.4317525773
20111216_120000,82.3033333333,82.3913402062
20111216_123000,82.4177777778,82.358556701
20111216_130000,82.53,82.3242268041
20111216_133000,82.5611111111,82.2901030928
20111216_140000,82.5611111111,82.2478350515
20111216_143000,82.4877777778,82.194742268
20111216_150000,82.2655555556,82.1371134021
20111216_153000,82.0755555556,82.0859793814
20111216_160000,81.8644444444,82.0354639175
20111216_163000,81.7755555556,82.0075257732
20111216_170000,81.6477777778,81.9896907216
20111216_173000,81.5033333333,81.9802061856
20111216_180000,81.3388888889,81.9613402062
20111216_183000,81.1522222222,81.9332989691
20111219_103000,80.8888888889,81.8955670103
20111219_110000,80.68,81.8589690722
20111219_113000,80.4633333333,81.8175257732
20111219_120000,80.3388888889,81.7816494845
20111219_123000,80.2722222222,81.7532989691
20111219_130000,80.2255555556,81.7295876289
20111219_133000,80.2544444444,81.7177319588
20111219_140000,80.3022222222,81.7086597938
20111219_143000,80.3666666667,81.6941237113
20111219_150000,80.5633333333,81.6793814433
20111219_153000,80.8033333333,81.6626804124
20111219_160000,81.0233333333,81.6530927835
20111219_163000,81.1566666667,81.6202061856
20111219_170000,81.2966666667,81.6002061856
20111219_173000,81.44,81.5849484536
20111219_180000,81.4911111111,81.5636082474
20111219_183000,81.5322222222,81.5432989691
20111220_103000,81.5311111111,81.5204123711
20111220_110000,81.5511111111,81.4987628866
20111220_113000,81.5355555556,81.4864948454
20111220_120000,81.4888888889,81.4703092784
20111220_123000,81.4688888889,81.4528865979
20111220_130000,81.3511111111,81.4356701031
20111220_133000,81.1677777778,81.4107216495
20111220_140000,81.0333333333,81.3872164948
20111220_143000,80.9411111111,81.3853608247
20111220_150000,81.0322222222,81.3989690722
20111220_153000,81.0666666667,81.4160824742
20111220_160000,81.1055555556,81.4329896907
20111220_163000,81.22,81.4446391753
20111220_170000,81.3066666667,81.4670103093
20111220_173000,81.44,81.4824742268
20111220_180000,81.6577777778,81.4943298969
20111220_183000,81.89,81.5208247423
20111221_103000,82.0933333333,81.5482474227
20111221_110000,82.2122222222,81.5758762887
20111221_113000,82.4177777778,81.6020618557
20111221_120000,82.5688888889,81.6271134021
20111221_123000,82.6477777778,81.6481443299
20111221_130000,82.75,81.6632989691
20111221_133000,82.8166666667,81.6802061856
20111221_140000,82.85,81.69
20111221_143000,82.7277777778,81.6808247423
20111221_150000,82.6055555556,81.673814433
20111221_153000,82.38,81.6654639175
20111221_160000,82.1322222222,81.6489690722
20111221_163000,81.8877777778,81.6364948454
20111221_170000,81.6533333333,81.6150515464
20111221_173000,81.4533333333,81.6003092784
20111221_180000,81.2688888889,81.5792783505
20111221_183000,80.9877777778,81.5483505155
20111222_103000,80.8455555556,81.5196907216
20111222_110000,80.7111111111,81.4940206186
20111222_113000,80.6233333333,81.4709278351
20111222_120000,80.5433333333,81.4483505155
20111222_123000,80.51,81.4218556701
20111222_130000,80.5177777778,81.398556701
20111222_133000,80.5288888889,81.3778350515
20111222_140000,80.5,81.3548453608
20111222_143000,80.5188888889,81.3253608247
20111222_150000,80.4555555556,81.2974226804
20111222_153000,80.4288888889,81.2887628866
20111222_160000,80.4444444444,81.2794845361
20111222_163000,80.4444444444,81.2850515464
20111222_170000,80.4577777778,81.2910309278
20111222_173000,80.3888888889,81.2826804124
20111222_180000,80.2866666667,81.2734020619
20111222_183000,80.2044444444,81.2642268041
20111223_103000,80.1955555556,81.2619587629
20111223_110000,80.2466666667,81.2636082474
20111223_113000,80.2333333333,81.2619587629
20111223_120000,80.1722222222,81.2511340206
20111223_123000,80.1233333333,81.2424742268
20111223_130000,80.0588888889,81.2416494845
20111223_133000,80.0544444444,81.2317525773
20111223_140000,80.0722222222,81.2198969072
20111223_143000,80.0933333333,81.2073195876
20111223_150000,80.0822222222,81.1868041237
20111223_153000,80.0955555556,81.1665979381
20111223_160000,80.14,81.1486597938
20111223_163000,80.2344444444,81.123814433
20111223_170000,80.34,81.1021649485
20111223_173000,80.3744444444,81.0744329897
20111223_180000,80.3933333333,81.0545360825
20111223_183000,80.3666666667,81.0295876289
20111226_103000,80.4244444444,81.0119587629
20111226_110000,80.4588888889,80.9917525773
20111226_113000,80.4922222222,80.9746391753
20111226_120000,80.5088888889,80.9650515464
20111226_123000,80.5155555556,80.961443299
20111226_130000,80.5455555556,80.9602061856
20111226_133000,80.66,80.9626804124
20111226_140000,80.8266666667,80.9664948454
20111226_143000,80.9855555556,80.9681443299
20111226_150000,81.0811111111,80.9727835052
20111226_153000,81.2155555556,80.9803092784
20111226_160000,81.3244444444,80.9906185567
20111226_163000,81.4155555556,81.0139175258
20111226_170000,81.4977777778,81.0373195876
20111226_173000,81.5388888889,81.06
20111226_180000,81.5544444444,81.0754639175
20111226_183000,81.5322222222,81.0834020619
20111227_103000,81.4622222222,81.0828865979
20111227_110000,81.3788888889,81.0771134021
20111227_113000,81.2711111111,81.0702061856
20111227_120000,81.1577777778,81.0640206186
20111227_123000,81.0588888889,81.0598969072
20111227_130000,80.9755555556,81.0532989691
20111227_133000,80.88,81.0467010309
20111227_140000,80.7911111111,81.0415463918
20111227_143000,80.7166666667,81.0295876289
20111227_150000,80.7088888889,81.0150515464
20111227_153000,80.6911111111,81.0028865979
20111227_160000,80.6233333333,80.9858762887
20111227_163000,80.5488888889,80.9728865979
20111227_170000,80.4311111111,80.9559793814
20111227_173000,80.3088888889,80.9394845361
20111227_180000,80.2044444444,80.9275257732
20111227_183000,80.1288888889,80.9172164948
20111228_103000,80.0566666667,80.9094845361
20111228_110000,79.9588888889,80.9028865979
20111228_113000,79.8844444444,80.8962886598
20111228_120000,79.8366666667,80.8834020619
20111228_123000,79.78,80.8567010309
20111228_130000,79.76,80.834742268
20111228_133000,79.7477777778,80.8135051546
20111228_140000,79.74,80.7902061856
20111228_143000,79.7055555556,80.7686597938
20111228_150000,79.6488888889,80.7432989691
20111228_153000,79.6077777778,80.7126804124
20111228_160000,79.5488888889,80.6790721649
20111228_163000,79.5177777778,80.6444329897
20111228_170000,79.5144444444,80.6063917526
20111228_173000,79.52,80.5658762887
20111228_180000,79.4755555556,80.5264948454
20111228_183000,79.4311111111,80.4917525773
20111229_103000,79.2566666667,80.4445360825
20111229_110000,79.0711111111,80.3957731959
20111229_113000,78.9055555556,80.3467010309
20111229_120000,78.6677777778,80.302371134
20111229_123000,78.4666666667,80.2604123711
20111229_130000,78.2388888889,80.2221649485
20111229_133000,78.0144444444,80.183814433
20111229_140000,77.8388888889,80.1508247423
20111229_143000,77.6555555556,80.1208247423
20111229_150000,77.6066666667,80.087628866
20111229_153000,77.56,80.0516494845
20111229_160000,77.5922222222,80.0316494845
20111229_163000,77.7066666667,80.0111340206
20111229_170000,77.78,79.9884536082
20111229_173000,77.9077777778,79.9702061856
20111229_180000,78.0511111111,79.9525773196
20111229_183000,78.1888888889,79.9354639175
20111230_103000,78.36,79.9206185567
20111230_110000,78.5177777778,79.9010309278
20111230_113000,78.6733333333,79.8821649485
20111230_120000,78.66,79.8591752577
20111230_123000,78.6711111111,79.8455670103
20111230_130000,78.6888888889,79.8270103093
20111230_133000,78.6866666667,79.8071134021
20111230_140000,78.7011111111,79.7908247423
20111230_143000,78.7288888889,79.7750515464
20111230_150000,78.7277777778,79.7664948454
20111230_153000,78.7377777778,79.7573195876
20111230_160000,78.8233333333,79.7540206186
20111230_163000,78.98,79.7463917526
20111230_170000,79.0922222222,79.7384536082
20111230_173000,79.2133333333,79.732371134
20111230_180000,79.32,79.7280412371
20111230_183000,79.3844444444,79.7222680412
20120103_103000,79.5788888889,79.7305154639
20120103_110000,79.7588888889,79.7390721649
20120103_113000,79.9833333333,79.7490721649
20120103_120000,80.1211111111,79.7565979381
20120103_123000,80.3,79.7665979381
20120103_130000,80.5033333333,79.7762886598
20120103_133000,80.69,79.7834020619
20120103_140000,80.8977777778,79.7895876289
20120103_143000,81.09,79.7918556701
20120103_150000,81.1377777778,79.8013402062
20120103_153000,81.2,79.8139175258
20120103_160000,81.2388888889,79.83
20120103_163000,81.33,79.8406185567
20120103_170000,81.4022222222,79.8541237113
20120103_173000,81.4655555556,79.8665979381
20120103_180000,81.56,79.8809278351
20120103_183000,81.6833333333,79.8979381443
20120104_103000,81.83,79.9110309278
20120104_110000,81.9933333333,79.9250515464
20120104_113000,82.18,79.9394845361
20120104_120000,82.42,79.9630927835
20120104_123000,82.5711111111,79.9788659794
20120104_130000,82.7722222222,79.998556701
20120104_133000,82.9911111111,80.0212371134
20120104_140000,83.1722222222,80.0439175258
20120104_143000,83.3355555556,80.0684536082
20120104_150000,83.4833333333,80.091443299
20120104_153000,83.5944444444,80.1143298969
20120104_160000,83.6677777778,80.137628866
20120104_163000,83.6355555556,80.164742268
20120104_170000,83.6622222222,80.1907216495
20120104_173000,83.6466666667,80.2189690722
20120104_180000,83.5933333333,80.2472164948
20120104_183000,83.5733333333,80.2772164948
20120105_103000,83.5966666667,80.3116494845
20120105_110000,83.6044444444,80.3442268041
20120105_113000,83.66,80.3805154639
20120105_120000,83.6622222222,80.4109278351
20120105_123000,83.6444444444,80.4371134021
20120105_130000,83.6466666667,80.4649484536
20120105_133000,83.5644444444,80.4918556701
20120105_140000,83.5166666667,80.5225773196
20120105_143000,83.3622222222,80.5491752577
20120105_150000,83.1633333333,80.5764948454
20120105_153000,82.9988888889,80.6035051546
20120105_160000,82.7933333333,80.6277319588
20120105_163000,82.6444444444,80.6510309278
20120105_170000,82.61,80.6830927835
20120105_173000,82.5933333333,80.7162886598
20120105_180000,82.6177777778,80.7498969072
20120105_183000,82.5777777778,80.7821649485
20120106_103000,82.5511111111,80.8081443299
20120106_110000,82.5455555556,80.8360824742
20120106_113000,82.52,80.861443299
20120106_120000,82.5122222222,80.8881443299
20120106_123000,82.5166666667,80.9171134021
20120106_130000,82.4555555556,80.9473195876
20120106_133000,82.3644444444,80.9775257732
20120106_140000,82.3355555556,81.0113402062
20120106_143000,82.3444444444,81.044742268
20120106_150000,82.3877777778,81.0742268041
20120106_153000,82.43,81.1102061856
20120106_160000,82.5444444444,81.1503092784
20120106_163000,82.6777777778,81.2055670103
20120106_170000,82.85,81.2677319588
20120106_173000,82.9777777778,81.3251546392
20120106_180000,83.1122222222,81.3898969072
20120106_183000,83.1655555556,81.4473195876
20120109_103000,83.1822222222,81.5034020619
20120109_110000,83.2344444444,81.558556701
20120109_113000,83.3188888889,81.6186597938
20120109_120000,83.3522222222,81.6788659794
20120109_123000,83.42,81.7449484536
20120109_130000,83.4255555556,81.8119587629
20120109_133000,83.48,81.871443299
20120109_140000,83.5088888889,81.9282474227
20120109_143000,83.57,81.9845360825
20120109_150000,83.6811111111,82.0390721649
20120109_153000,83.8011111111,82.0920618557
20120109_160000,83.84,82.1429896907
20120109_163000,83.8822222222,82.1912371134
20120109_170000,83.8422222222,82.2389690722
20120109_173000,83.8277777778,82.2902061856
20120109_180000,83.7922222222,82.347628866
20120109_183000,83.7955555556,82.4037113402
20120110_103000,83.93,82.4708247423
20120110_110000,84.0688888889,82.5384536082
20120110_113000,84.2066666667,82.6028865979
20120110_120000,84.3833333333,82.667628866
20120110_123000,84.6122222222,82.7372164948
20120110_130000,84.8688888889,82.8078350515
20120110_133000,85.1455555556,82.8768041237
20120110_140000,85.4388888889,82.9469072165
20120110_143000,85.7366666667,83.0202061856
20120110_150000,85.9155555556,83.0926804124
20120110_153000,86.0811111111,83.1657731959
20120110_160000,86.3011111111,83.2446391753
20120110_163000,86.4777777778,83.3077319588
20120110_170000,86.5933333333,83.3713402062
20120110_173000,86.6411111111,83.4255670103
20120110_180000,86.68,83.4853608247
20120110_183000,86.7288888889,83.5434020619
20120111_103000,86.7466666667,83.5994845361
20120111_110000,86.7055555556,83.6508247423
20120111_113000,86.6644444444,83.7008247423
20120111_120000,86.6222222222,83.7579381443
20120111_123000,86.5544444444,83.8103092784
20120111_130000,86.5277777778,83.8656701031
20120111_133000,86.54,83.9174226804
20120111_140000,86.4966666667,83.964742268
20120111_143000,86.4188888889,84.0088659794
20120111_150000,86.2011111111,84.0388659794
20120111_153000,86.0522222222,84.067628866
20120111_160000,85.88,84.0902061856
20120111_163000,85.7155555556,84.1184536082
20120111_170000,85.5433333333,84.1396907216
20120111_173000,85.3544444444,84.1602061856
20120111_180000,85.1788888889,84.1734020619
20120111_183000,85.0155555556,84.1915463918
20120112_103000,84.9066666667,84.2069072165
20120112_110000,84.8666666667,84.2128865979
20120112_113000,84.8111111111,84.2196907216
20120112_120000,84.8366666667,84.2294845361
20120112_123000,84.7955555556,84.2402061856
20120112_130000,84.8711111111,84.2581443299
20120112_133000,84.9588888889,84.28
20120112_140000,85.0566666667,84.305257732
20120112_143000,85.1933333333,84.3336082474
20120112_150000,85.2922222222,84.3595876289
20120112_153000,85.4644444444,84.3864948454
20120112_160000,85.64,84.411443299
20120112_163000,85.7511111111,84.4293814433
20120112_170000,85.8622222222,84.4496907216
20120112_173000,85.7866666667,84.4554639175
20120112_180000,85.6644444444,84.4657731959
20120112_183000,85.4888888889,84.4763917526
20120113_103000,85.3088888889,84.4878350515
20120113_110000,85.1622222222,84.5078350515
20120113_113000,85.0066666667,84.524742268
20120113_120000,84.8611111111,84.5505154639
20120113_123000,84.7244444444,84.5742268041
20120113_130000,84.5744444444,84.5958762887
20120113_133000,84.5788888889,84.6211340206
20120113_140000,84.5511111111,84.6426804124
20120113_143000,84.5844444444,84.6595876289
20120113_150000,84.6377777778,84.6775257732
20120113_153000,84.65,84.6963917526
20120113_160000,84.7044444444,84.7220618557
20120113_163000,84.7366666667,84.7532989691
20120113_170000,84.7855555556,84.7820618557
20120113_173000,84.7766666667,84.805257732
20120113_180000,84.6711111111,84.821443299
20120113_183000,84.5766666667,84.833814433
20120116_103000,84.4144444444,84.8413402062
20120116_110000,84.2233333333,84.85
20120116_113000,84.0266666667,84.8532989691
20120116_120000,83.8611111111,84.8627835052
20120116_123000,83.7344444444,84.8782474227
20120116_130000,83.5877777778,84.8894845361
20120116_133000,83.5111111111,84.8949484536
20120116_140000,83.4855555556,84.8963917526
20120116_143000,83.4866666667,84.8928865979
20120116_150000,83.5488888889,84.8943298969
20120116_153000,83.6233333333,84.8974226804
20120116_160000,83.73,84.9056701031
20120116_163000,83.78,84.9182474227
20120116_170000,83.8044444444,84.9311340206
20120116_173000,83.8311111111,84.9370103093
20120116_180000,83.86,84.9420618557
20120116_183000,83.8966666667,84.9406185567
20120117_103000,84.0577777778,84.9515463918
20120117_110000,84.2466666667,84.9654639175
20120117_113000,84.4355555556,84.9834020619
20120117_120000,84.57,84.9984536082
20120117_123000,84.7,85.0127835052
20120117_130000,84.8277777778,85.0263917526
20120117_133000,84.9733333333,85.0421649485
20120117_140000,85.1166666667,85.0565979381
20120117_143000,85.2011111111,85.0667010309
20120117_150000,85.1555555556,85.074742268
20120117_153000,85.0411111111,85.0813402062
20120117_160000,84.9344444444,85.0890721649
20120117_163000,84.8833333333,85.0869072165
20120117_170000,84.8277777778,85.0831958763
20120117_173000,84.7433333333,85.076185567
20120117_180000,84.6444444444,85.0663917526
20120117_183000,84.5788888889,85.0535051546
20120118_103000,84.5366666667,85.0358762887
20120118_110000,84.5122222222,85.0159793814
20120118_113000,84.5255555556,84.9965979381
20120118_120000,84.5,84.9743298969
20120118_123000,84.47,84.9527835052
20120118_130000,84.4877777778,84.9353608247
20120118_133000,84.5677777778,84.9153608247
20120118_140000,84.6511111111,84.8969072165
20120118_143000,84.6688888889,84.8749484536
20120118_150000,84.7388888889,84.8593814433
20120118_153000,84.7866666667,84.8403092784
20120118_160000,84.8011111111,84.8177319588
20120118_163000,84.8322222222,84.7967010309
20120118_170000,84.8655555556,84.7820618557
20120118_173000,84.8322222222,84.7653608247
20120118_180000,84.7611111111,84.7426804124
20120118_183000,84.7133333333,84.7260824742
20120119_103000,84.8166666667,84.716185567
20120119_110000,84.8977777778,84.7070103093
20120119_113000,84.97,84.6986597938
20120119_120000,85.0444444444,84.6902061856
20120119_123000,85.1122222222,84.6956701031
20120119_130000,85.1388888889,84.6973195876
20120119_133000,85.17,84.6994845361
20120119_140000,85.2622222222,84.7006185567
20120119_143000,85.3277777778,84.7060824742
20120119_150000,85.2655555556,84.7079381443
20120119_153000,85.2455555556,84.7131958763
20120119_160000,85.2911111111,84.7242268041
20120119_163000,85.3244444444,84.7289690722
20120119_170000,85.3622222222,84.7416494845
20120119_173000,85.4433333333,84.7559793814
20120119_180000,85.5455555556,84.765257732
20120119_183000,85.59,84.7743298969
20120120_103000,85.6177777778,84.7753608247
20120120_110000,85.6666666667,84.7736082474
20120120_113000,85.6711111111,84.7702061856
20120120_120000,85.6444444444,84.7660824742
20120120_123000,85.6233333333,84.7596907216
20120120_130000,85.6311111111,84.7571134021
20120120_133000,85.6211111111,84.7542268041
20120120_140000,85.6255555556,84.7536082474
20120120_143000,85.6144444444,84.7513402062
20120120_150000,85.6288888889,84.7607216495
20120120_153000,85.6411111111,84.771443299
20120120_160000,85.6466666667,84.7848453608
20120120_163000,85.6377777778,84.7965979381
20120120_170000,85.5877777778,84.7991752577
20120120_173000,85.5122222222,84.8040206186
20120120_180000,85.4544444444,84.8092783505
20120120_183000,85.3833333333,84.814742268
20120123_103000,85.3455555556,84.8228865979
20120123_110000,85.2788888889,84.8256701031
20120123_113000,85.21,84.8325773196
20120123_120000,85.1933333333,84.8413402062
20120123_123000,85.1422222222,84.8434020619
20120123_130000,85.1311111111,84.843814433
20120123_133000,85.0233333333,84.8336082474
20120123_140000,84.91,84.8253608247
20120123_143000,84.8733333333,84.8228865979
20120123_150000,84.8522222222,84.8298969072
20120123_153000,84.8366666667,84.8410309278
20120123_160000,84.8211111111,84.855257732
20120123_163000,84.7466666667,84.8721649485
20120123_170000,84.7011111111,84.8877319588
20120123_173000,84.6788888889,84.9043298969
20120123_180000,84.7566666667,84.9167010309
20120123_183000,84.8566666667,84.9294845361
20120124_103000,84.8655555556,84.941443299
20120124_110000,84.8188888889,84.9512371134
20120124_113000,84.79,84.9620618557
20120124_120000,84.7722222222,84.9745360825
20120124_123000,84.7633333333,84.9848453608
20120124_130000,84.7688888889,84.9940206186
20120124_133000,84.7822222222,85.0019587629
20120124_140000,84.8077777778,85.0120618557
20120124_143000,84.7822222222,85.0202061856
20120124_150000,84.7644444444,85.0280412371
20120124_153000,84.7788888889,85.0364948454
20120124_160000,84.8222222222,85.0479381443
20120124_163000,84.8588888889,85.0488659794
20120124_170000,84.9233333333,85.047628866
20120124_173000,84.9744444444,85.0440206186
20120124_180000,85.0222222222,85.0439175258
20120124_183000,85.0288888889,85.0425773196
20120125_103000,85.3155555556,85.0654639175
20120125_110000,85.6155555556,85.087628866
20120125_113000,85.9088888889,85.11
20120125_120000,86.1777777778,85.138556701
20120125_123000,86.4488888889,85.1688659794
20120125_130000,86.6788888889,85.1995876289
20120125_133000,86.8988888889,85.2262886598
20120125_140000,87.1244444444,85.2518556701
20120125_143000,87.3088888889,85.2727835052
20120125_150000,87.2566666667,85.2986597938
20120125_153000,87.1988888889,85.3246391753
20120125_160000,87.1011111111,85.3440206186
20120125_163000,87.0366666667,85.3705154639
20120125_170000,87.0133333333,85.4009278351
20120125_173000,86.9711111111,85.4264948454
20120125_180000,86.9577777778,85.4543298969
20120125_183000,86.9377777778,85.4808247423
20120126_103000,87.1144444444,85.5164948454
20120126_110000,87.3011111111,85.5522680412
20120126_113000,87.4977777778,85.5887628866
20120126_120000,87.72,85.6271134021
20120126_123000,87.9666666667,85.67
20120126_130000,88.1844444444,85.716185567
20120126_133000,88.5044444444,85.7701030928
20120126_140000,88.85,85.8271134021
20120126_143000,89.1788888889,85.8810309278
20120126_150000,89.3811111111,85.938556701
20120126_153000,89.5244444444,85.9942268041
20120126_160000,89.6333333333,86.045257732
20120126_163000,89.7777777778,86.0874226804
20120126_170000,89.8822222222,86.1324742268
20120126_173000,89.9777777778,86.1808247423
20120126_180000,90.0211111111,86.2318556701
20120126_183000,90.0422222222,86.2845360825
20120127_103000,90.1622222222,86.3471134021
20120127_110000,90.1966666667,86.4049484536
20120127_113000,90.2111111111,86.4534020619
20120127_120000,90.2688888889,86.5037113402
20120127_123000,90.3288888889,86.5572164948
20120127_130000,90.3944444444,86.6102061856
20120127_133000,90.4755555556,86.6618556701
20120127_140000,90.5633333333,86.7179381443
20120127_143000,90.6277777778,86.7730927835
20120127_150000,90.6055555556,86.8260824742
20120127_153000,90.6544444444,86.8789690722
20120127_160000,90.7633333333,86.9334020619
20120127_163000,90.8477777778,86.9889690722
20120127_170000,90.8966666667,87.0424742268
20120127_173000,90.8555555556,87.0912371134
20120127_180000,90.7844444444,87.1387628866
20120127_183000,90.7588888889,87.1944329897
20120130_103000,90.6888888889,87.242371134
20120130_110000,90.5655555556,87.2848453608
20120130_113000,90.44,87.3256701031
20120130_120000,90.3111111111,87.3691752577
20120130_123000,90.1688888889,87.4102061856
20120130_130000,90.02,87.4487628866
20120130_133000,89.9177777778,87.4875257732
20120130_140000,89.8455555556,87.5291752577
20120130_143000,89.7066666667,87.5765979381
20120130_150000,89.62,87.6235051546
20120130_153000,89.6455555556,87.6737113402
20120130_160000,89.6366666667,87.7203092784
20120130_163000,89.6255555556,87.7662886598
20120130_170000,89.6366666667,87.8145360825
20120130_173000,89.6377777778,87.8595876289
20120130_180000,89.6022222222,87.8965979381
20120130_183000,89.5222222222,87.9355670103
20120131_103000,89.6366666667,87.9946391753
20120131_110000,89.7588888889,88.0628865979
20120131_113000,89.83,88.1302061856
20120131_120000,89.9422222222,88.1906185567
20120131_123000,90.04,88.247628866
20120131_130000,90.1011111111,88.3029896907
20120131_133000,90.2022222222,88.3588659794
20120131_140000,90.3722222222,88.418556701
20120131_143000,90.5466666667,88.4779381443
20120131_150000,90.5177777778,88.5363917526
20120131_153000,90.47,88.5929896907
20120131_160000,90.4055555556,88.6450515464
20120131_163000,90.3355555556,88.6981443299
20120131_170000,90.2633333333,88.7527835052
20120131_173000,90.2411111111,88.8087628866
20120131_180000,90.2277777778,88.8650515464
20120131_183000,90.1833333333,88.921443299
20120201_103000,90.06,88.9688659794
20120201_110000,89.9522222222,89.0160824742
20120201_113000,89.86,89.0617525773
20120201_120000,89.8744444444,89.1175257732
20120201_123000,89.9266666667,89.1771134021
20120201_130000,90.0277777778,89.2397938144
20120201_133000,90.2022222222,89.3079381443
20120201_140000,90.3388888889,89.3735051546
20120201_143000,90.4822222222,89.4372164948
20120201_150000,90.7277777778,89.5026804124
20120201_153000,90.9855555556,89.5693814433
20120201_160000,91.2544444444,89.6393814433
20120201_163000,91.4066666667,89.6826804124
20120201_170000,91.54,89.7268041237
20120201_173000,91.71,89.7780412371
20120201_180000,91.8244444444,89.8318556701
20120201_183000,91.9622222222,89.8850515464
20120202_103000,92.1633333333,89.9460824742
20120202_110000,92.3466666667,90.0081443299
20120202_113000,92.5144444444,90.0694845361
20120202_120000,92.6622222222,90.1360824742
20120202_123000,92.8055555556,90.1975257732
20120202_130000,92.91,90.2567010309
20120202_133000,92.9611111111,90.3217525773
20120202_140000,92.9444444444,90.38
20120202_143000,92.9066666667,90.4318556701
20120202_150000,92.8277777778,90.4894845361
20120202_153000,92.7711111111,90.5475257732
20120202_160000,92.6844444444,90.6026804124
20120202_163000,92.58,90.6431958763
20120202_170000,92.54,90.6836082474
20120202_173000,92.5466666667,90.7251546392
20120202_180000,92.5633333333,90.7711340206
20120202_183000,92.5711111111,90.8072164948
20120203_103000,92.58,90.8396907216
20120203_110000,92.5844444444,90.8680412371
20120203_113000,92.5833333333,90.8939175258
20120203_120000,92.5855555556,90.9187628866
20120203_123000,92.6188888889,90.9436082474
20120203_130000,92.6266666667,90.971443299
20120203_133000,92.6877777778,91.008556701
20120203_140000,92.7066666667,91.0428865979
20120203_143000,92.7844444444,91.0764948454
20120203_150000,92.8866666667,91.1095876289
20120203_153000,92.9788888889,91.1424742268
20120203_160000,93.06,91.1739175258
20120203_163000,93.1522222222,91.196185567
20120203_170000,93.25,91.2269072165
20120203_173000,93.43,91.2701030928
20120203_180000,93.5733333333,91.3151546392
20120203_183000,93.7233333333,91.3578350515
20120206_103000,93.84,91.396185567
20120206_110000,93.9188888889,91.4290721649
20120206_113000,94.0255555556,91.4637113402
20120206_120000,94.1355555556,91.4993814433
20120206_123000,94.2477777778,91.5341237113
20120206_130000,94.3477777778,91.5695876289
20120206_133000,94.3655555556,91.6043298969
20120206_140000,94.3711111111,91.6420618557
20120206_143000,94.3777777778,91.6808247423
20120206_150000,94.3788888889,91.7230927835
20120206_153000,94.33,91.7580412371
20120206_160000,94.2688888889,91.7893814433
20120206_163000,94.1933333333,91.8245360825
20120206_170000,94.1488888889,91.8665979381
20120206_173000,94.0666666667,91.9060824742
20120206_180000,93.9833333333,91.9450515464
20120206_183000,93.8955555556,91.9878350515
20120207_103000,93.7366666667,92.0256701031
20120207_110000,93.6333333333,92.0678350515
20120207_113000,93.6577777778,92.1117525773
20120207_120000,93.66,92.156185567
20120207_123000,93.6422222222,92.1977319588
20120207_130000,93.6244444444,92.2357731959
20120207_133000,93.6422222222,92.2777319588
20120207_140000,93.6522222222,92.3186597938
20120207_143000,93.6444444444,92.3596907216
20120207_150000,93.69,92.4016494845
20120207_153000,93.7222222222,92.4501030928
20120207_160000,93.6722222222,92.4968041237
20120207_163000,93.6044444444,92.5243298969
20120207_170000,93.5888888889,92.5530927835
20120207_173000,93.5944444444,92.5850515464
20120207_180000,93.6011111111,92.6172164948
20120207_183000,93.5755555556,92.6467010309
20120208_103000,93.6844444444,92.6921649485
20120208_110000,93.8166666667,92.7370103093
20120208_113000,93.9733333333,92.7842268041
20120208_120000,94.14,92.8302061856
20120208_123000,94.3366666667,92.8786597938
20120208_130000,94.4966666667,92.9267010309
20120208_133000,94.6255555556,92.9765979381
20120208_140000,94.7277777778,93.024742268
20120208_143000,94.8888888889,93.0758762887
20120208_150000,94.8922222222,93.1237113402
20120208_153000,94.9233333333,93.1726804124
20120208_160000,94.8966666667,93.2215463918
20120208_163000,94.9055555556,93.2797938144
20120208_170000,94.9044444444,93.3381443299
20120208_173000,94.8988888889,93.3942268041
20120208_180000,94.9066666667,93.4435051546
20120208_183000,94.9588888889,93.4916494845
20120209_103000,95.0744444444,93.5441237113
20120209_110000,95.22,93.5892783505
20120209_113000,95.3166666667,93.6345360825
20120209_120000,95.4188888889,93.6795876289
20120209_123000,95.5277777778,93.7251546392
20120209_130000,95.6355555556,93.7695876289
20120209_133000,95.7677777778,93.8129896907
20120209_140000,95.8777777778,93.8583505155
20120209_143000,95.9466666667,93.9005154639
20120209_150000,95.8955555556,93.9324742268
20120209_153000,95.7655555556,93.9549484536
20120209_160000,95.68,93.9794845361
20120209_163000,95.6266666667,94.0009278351
20120209_170000,95.5544444444,94.0227835052
20120209_173000,95.4888888889,94.0455670103
20120209_180000,95.4411111111,94.0708247423
20120209_183000,95.3644444444,94.0957731959
20120210_103000,95.22,94.1148453608
20120210_110000,95.0711111111,94.1282474227
20120210_113000,94.9455555556,94.1406185567
20120210_120000,94.8355555556,94.1584536082
20120210_123000,94.7233333333,94.1768041237
20120210_130000,94.5833333333,94.1909278351
20120210_133000,94.4566666667,94.21
20120210_140000,94.2855555556,94.2290721649
20120210_143000,94.1522222222,94.2453608247
20120210_150000,94.11,94.2598969072
20120210_153000,94.1066666667,94.271443299
20120210_160000,94.1277777778,94.2850515464
20120210_163000,94.1266666667,94.3019587629
20120210_170000,94.1,94.3174226804
20120210_173000,94.0777777778,94.3295876289
20120210_180000,94.03,94.3440206186
20120210_183000,94.0155555556,94.3586597938
20120213_103000,94.1477777778,94.3864948454
20120213_110000,94.3088888889,94.4103092784
20120213_113000,94.4733333333,94.4353608247
20120213_120000,94.64,94.4572164948
20120213_123000,94.8166666667,94.4810309278
20120213_130000,94.9955555556,94.5045360825
20120213_133000,95.1955555556,94.5277319588
20120213_140000,95.4044444444,94.5529896907
20120213_143000,95.6333333333,94.5797938144
20120213_150000,95.7088888889,94.5979381443
20120213_153000,95.7322222222,94.6106185567
20120213_160000,95.7911111111,94.6272164948
20120213_163000,95.8633333333,94.6449484536
20120213_170000,95.8977777778,94.6646391753
20120213_173000,95.9322222222,94.681443299
20120213_180000,95.9744444444,94.6983505155
20120213_183000,96.0288888889,94.7182474227
20120214_103000,95.9788888889,94.7311340206
20120214_110000,95.9533333333,94.745257732
20120214_113000,95.9733333333,94.7592783505
20120214_120000,95.9422222222,94.772371134
20120214_123000,95.9333333333,94.7891752577
20120214_130000,95.9355555556,94.8136082474
20120214_133000,95.94,94.8364948454
20120214_140000,96.0233333333,94.8681443299
20120214_143000,96.0844444444,94.8978350515
20120214_150000,96.21,94.93
20120214_153000,96.3244444444,94.9624742268
20120214_160000,96.4488888889,94.996185567
20120214_163000,96.5555555556,95.0339175258
20120214_170000,96.6322222222,95.0674226804
20120214_173000,96.6633333333,95.0924742268
20120214_180000,96.6911111111,95.1177319588
20120214_183000,96.6388888889,95.146185567
20120215_103000,96.6944444444,95.1826804124
20120215_110000,96.7688888889,95.2201030928
20120215_113000,96.8377777778,95.2580412371
20120215_120000,96.8188888889,95.2907216495
20120215_123000,96.8433333333,95.3264948454
20120215_130000,96.8722222222,95.3596907216
20120215_133000,96.9488888889,95.3964948454
20120215_140000,97.0511111111,95.4375257732
20120215_143000,97.1433333333,95.4759793814
20120215_150000,97.1433333333,95.5119587629
20120215_153000,97.1266666667,95.5472164948
20120215_160000,97.12,95.5869072165
20120215_163000,97.1788888889,95.6149484536
20120215_170000,97.1988888889,95.6403092784
20120215_173000,97.2255555556,95.661443299
20120215_180000,97.2466666667,95.684742268
20120215_183000,97.2433333333,95.7072164948
20120216_103000,97.0811111111,95.7157731959
20120216_110000,96.9388888889,95.7265979381
20120216_113000,96.8,95.7394845361
20120216_120000,96.6411111111,95.7494845361
20120216_123000,96.4888888889,95.7630927835
20120216_130000,96.3677777778,95.7743298969
20120216_133000,96.26,95.7879381443
20120216_140000,96.1377777778,95.7990721649
20120216_143000,96.0377777778,95.812371134
20120216_150000,96.1055555556,95.8277319588
20120216_153000,96.1211111111,95.8392783505
20120216_160000,96.1511111111,95.8501030928
20120216_163000,96.15,95.8492783505
20120216_170000,96.1377777778,95.8482474227
20120216_173000,96.1455555556,95.8512371134
20120216_180000,96.1377777778,95.8546391753
20120216_183000,96.1522222222,95.8570103093
20120217_103000,96.2622222222,95.8705154639
20120217_110000,96.3688888889,95.8835051546
20120217_113000,96.5044444444,95.8974226804
20120217_120000,96.6033333333,95.9110309278
20120217_123000,96.7244444444,95.926185567
20120217_130000,96.7988888889,95.9441237113
20120217_133000,96.8733333333,95.9619587629
20120217_140000,96.9211111111,95.974742268
20120217_143000,96.96,95.9874226804
20120217_150000,96.8811111111,95.9996907216
20120217_153000,96.8222222222,96.0116494845
20120217_160000,96.7655555556,96.0274226804
20120217_163000,96.7311111111,96.0512371134
20120217_170000,96.7155555556,96.0787628866
20120217_173000,96.71,96.1078350515
20120217_180000,96.7,96.1349484536
20120217_183000,96.7188888889,96.1598969072
20120220_103000,96.8533333333,96.1980412371
20120220_110000,96.9877777778,96.2345360825
20120220_113000,97.0977777778,96.2725773196
20120220_120000,97.1944444444,96.3096907216
20120220_123000,97.2988888889,96.3471134021
20120220_130000,97.3911111111,96.3835051546
20120220_133000,97.5088888889,96.4215463918
20120220_140000,97.5988888889,96.4571134021
20120220_143000,97.7077777778,96.4946391753
20120220_150000,97.6988888889,96.5340206186
20120220_153000,97.6788888889,96.5730927835
20120220_160000,97.6633333333,96.6110309278
20120220_163000,97.6577777778,96.6353608247
20120220_170000,97.6388888889,96.6560824742
20120220_173000,97.6255555556,96.6759793814
20120220_180000,97.6277777778,96.6987628866
20120220_183000,97.6188888889,96.7171134021
20120221_103000,97.5444444444,96.7311340206
20120221_110000,97.4255555556,96.7409278351
20120221_113000,97.3211111111,96.7509278351
20120221_120000,97.2111111111,96.7574226804
20120221_123000,97.1322222222,96.7674226804
20120221_130000,97.0622222222,96.7794845361
20120221_133000,96.9744444444,96.7857731959
20120221_140000,96.89,96.7940206186
20120221_143000,96.7988888889,96.8007216495
20120221_150000,96.7522222222,96.8072164948
20120221_153000,96.7355555556,96.8115463918
20120221_160000,96.7122222222,96.8143298969
20120221_163000,96.7222222222,96.8263917526
20120221_170000,96.7,96.8367010309
20120221_173000,96.6811111111,96.8451546392
20120221_180000,96.6933333333,96.8554639175
20120221_183000,96.67,96.862371134
20120222_103000,96.6877777778,96.8705154639
20120222_110000,96.73,96.8805154639
20120222_113000,96.8322222222,96.8865979381
20120222_120000,96.9144444444,96.8913402062
20120222_123000,96.9477777778,96.8948453608
20120222_130000,96.9877777778,96.8982474227
20120222_133000,97.0077777778,96.8970103093
20120222_140000,97.0211111111,96.8986597938
20120222_143000,97.0055555556,96.8970103093
20120222_150000,96.9277777778,96.8950515464
20120222_153000,96.7933333333,96.89
20120222_160000,96.5855555556,96.8816494845
20120222_163000,96.44,96.8677319588
20120222_170000,96.3266666667,96.853814433
20120222_173000,96.2233333333,96.8412371134
20120222_180000,96.1277777778,96.8328865979
20120222_183000,96.03,96.8231958763
20120224_103000,96.0544444444,96.8211340206
20120224_110000,96.11,96.8172164948
20120224_113000,96.2011111111,96.8111340206
20120224_120000,96.3,96.8034020619
20120224_123000,96.3644444444,96.7954639175
20120224_130000,96.4211111111,96.7883505155
20120224_133000,96.4955555556,96.7832989691
20120224_140000,96.6233333333,96.7813402062
20120224_143000,96.8033333333,96.7864948454
20120224_150000,96.9833333333,96.7986597938
20120224_153000,97.1555555556,96.8087628866
20120224_160000,97.3622222222,96.8221649485
20120224_163000,97.6144444444,96.8528865979
20120224_170000,97.88,96.8827835052
20120224_173000,98.1344444444,96.9121649485
20120224_180000,98.3655555556,96.9432989691
20120224_183000,98.5633333333,96.973814433
